{
  "hash": "66b902ea",
  "configHash": "43a60c1d",
  "lockfileHash": "055b00e3",
  "browserHash": "23a03c1e",
  "optimized": {
    "@angular/common": {
      "src": "../../../../../../node_modules/@angular/common/fesm2022/common.mjs",
      "file": "@angular_common.js",
      "fileHash": "3ffd178e",
      "needsInterop": false
    },
    "@angular/common/http": {
      "src": "../../../../../../node_modules/@angular/common/fesm2022/http.mjs",
      "file": "@angular_common_http.js",
      "fileHash": "1e3a2595",
      "needsInterop": false
    },
    "@angular/core": {
      "src": "../../../../../../node_modules/@angular/core/fesm2022/core.mjs",
      "file": "@angular_core.js",
      "fileHash": "7b99ca2f",
      "needsInterop": false
    },
    "@angular/forms": {
      "src": "../../../../../../node_modules/@angular/forms/fesm2022/forms.mjs",
      "file": "@angular_forms.js",
      "fileHash": "5d3893f8",
      "needsInterop": false
    },
    "@angular/platform-browser": {
      "src": "../../../../../../node_modules/@angular/platform-browser/fesm2022/platform-browser.mjs",
      "file": "@angular_platform-browser.js",
      "fileHash": "0dfafd6e",
      "needsInterop": false
    },
    "@angular/router": {
      "src": "../../../../../../node_modules/@angular/router/fesm2022/router.mjs",
      "file": "@angular_router.js",
      "fileHash": "05f59306",
      "needsInterop": false
    }
  },
  "chunks": {
    "chunk-WII57EPS": {
      "file": "chunk-WII57EPS.js"
    },
    "chunk-MHRW3N4O": {
      "file": "chunk-MHRW3N4O.js"
    },
    "chunk-MCO6UI4J": {
      "file": "chunk-MCO6UI4J.js"
    },
    "chunk-RXLE57JX": {
      "file": "chunk-RXLE57JX.js"
    }
  }
}